,id,count,month,road,road_type,speed_limit,temp,rain,snow
0,CHOMEDEY@12,10,12,CHOMEDEY,BOULEV,0.0,-4.977,3.137,1.261
1,CURE-LABELLE@1,23,1,CURE-LABELLE,BOULEV,0.0,-9.72,2.916,20.19
2,CLARENDON@1,2,1,CLARENDON,RUE,40.0,-9.72,2.916,20.19
3,LAVAL EST A-440@12,10,12,LAVAL EST A-440,VOIE,0.0,-4.977,3.137,1.261
4,MARCEL-VILLENEUVE@12,2,12,MARCEL-VILLENEUVE,AVENUE,70.0,-4.977,3.137,1.261
5,LE CORBUSIER@12,8,12,LE CORBUSIER,BOULEV,60.0,-4.977,3.137,1.261
6,DE NORMANDIE@12,1,12,DE NORMANDIE,BOULEV,40.0,-4.977,3.137,1.261
7,RENE-LAENNEC@12,6,12,RENE-LAENNEC,BOULEV,0.0,-4.977,3.137,1.261
8,VINCENT-MASSEY@12,1,12,VINCENT-MASSEY,RUE,40.0,-4.977,3.137,1.261
9,BELLEROSE OUEST@12,1,12,BELLEROSE OUEST,BOULEV,50.0,-4.977,3.137,1.261
10,CHOMEDEY A-13@12,11,12,CHOMEDEY A-13,VOIE,0.0,-4.977,3.137,1.261
11,DU SOUVENIR@12,16,12,DU SOUVENIR,BOULEV,50.0,-4.977,3.137,1.261
12,PAPINEAU A-19@12,4,12,PAPINEAU A-19,AUTORO,0.0,-4.977,3.137,1.261
13,JOLIVET@12,2,12,JOLIVET,RUE,40.0,-4.977,3.137,1.261
14,SAMSON@12,4,12,SAMSON,BOULEV,0.0,-4.977,3.137,1.261
15,DAGENAIS OUEST@12,7,12,DAGENAIS OUEST,BOULEV,60.0,-4.977,3.137,1.261
16,DE LA CONCORDE EST@12,11,12,DE LA CONCORDE EST,BOULEV,50.0,-4.977,3.137,1.261
17,DES LAURENTIDES A-15@12,19,12,DES LAURENTIDES A-15,AUTORO,0.0,-4.977,3.137,1.261
18,DAGENAIS EST@12,3,12,DAGENAIS EST,AVENUE,60.0,-4.977,3.137,1.261
19,SAINT-SAENS EST@12,1,12,SAINT-SAENS EST,RUE,0.0,-4.977,3.137,1.261
20,SAINT-MARTIN OUEST@12,16,12,SAINT-MARTIN OUEST,BOULEV,0.0,-4.977,3.137,1.261
21,LAVAL@12,2,12,LAVAL,BOULEV,0.0,-4.977,3.137,1.261
22,CARTIER OUEST@12,13,12,CARTIER OUEST,BOULEV,0.0,-4.977,3.137,1.261
23,PIERRE-CHASSEUR@12,3,12,PIERRE-CHASSEUR,RUE,40.0,-4.977,3.137,1.261
24,SEIGNEUR-LUSSIER@12,2,12,SEIGNEUR-LUSSIER,AVENUE,40.0,-4.977,3.137,1.261
25,SAINTE-ROSE@12,4,12,SAINTE-ROSE,BOULEV,50.0,-4.977,3.137,1.261
26,INDUSTRIEL@12,3,12,INDUSTRIEL,BOULEV,60.0,-4.977,3.137,1.261
27,LAVAL OUEST A-440@12,15,12,LAVAL OUEST A-440,AUTORO,0.0,-4.977,3.137,1.261
28,CUNARD@12,2,12,CUNARD,RUE,50.0,-4.977,3.137,1.261
29,DES LAURENTIDES@12,11,12,DES LAURENTIDES,BOULEV,0.0,-4.977,3.137,1.261
30,CURE-LABELLE@12,13,12,CURE-LABELLE,BOULEV,0.0,-4.977,3.137,1.261
31,EMILE@12,2,12,EMILE,RUE,0.0,-4.977,3.137,1.261
32,15E@12,6,12,15E,RUE,40.0,-4.977,3.137,1.261
33,JEAN-BERAUD@12,2,12,JEAN-BERAUD,AVENUE,0.0,-4.977,3.137,1.261
34,LOUIS-PAYETTE@12,2,12,LOUIS-PAYETTE,AVENUE,50.0,-4.977,3.137,1.261
35,PRINCIPALE@12,2,12,PRINCIPALE,RUE,60.0,-4.977,3.137,1.261
36,ROBIN@12,2,12,ROBIN,BOULEV,40.0,-4.977,3.137,1.261
37,SAINT-ELZEAR OUEST@12,3,12,SAINT-ELZEAR OUEST,BOULEV,0.0,-4.977,3.137,1.261
38,DE L EQUERRE@12,2,12,DE L EQUERRE,RANG,0.0,-4.977,3.137,1.261
39,DE GENEVE@12,2,12,DE GENEVE,RUE,0.0,-4.977,3.137,1.261
40,100E@12,4,12,100E,AVENUE,50.0,-4.977,3.137,1.261
41,LEVESQUE OUEST@12,1,12,LEVESQUE OUEST,BOULEV,0.0,-4.977,3.137,1.261
42,PAPINEAU@12,1,12,PAPINEAU,AVENUE,0.0,-4.977,3.137,1.261
43,ISLEMERE@12,1,12,ISLEMERE,RUE,0.0,-4.977,3.137,1.261
44,PASCAL@12,1,12,PASCAL,RUE,40.0,-4.977,3.137,1.261
45,DES GRISONS@12,2,12,DES GRISONS,RUE,60.0,-4.977,3.137,1.261
46,ERNEST-CORMIER@12,2,12,ERNEST-CORMIER,RUE,50.0,-4.977,3.137,1.261
47,LEVESQUE EST@12,4,12,LEVESQUE EST,BOULEV,0.0,-4.977,3.137,1.261
48,BERLIER@12,2,12,BERLIER,RUE,50.0,-4.977,3.137,1.261
49,DES LACASSE@12,3,12,DES LACASSE,AVENUE,50.0,-4.977,3.137,1.261
50,FRANCOIS-RABELAIS@12,2,12,FRANCOIS-RABELAIS,RUE,0.0,-4.977,3.137,1.261
51,SAINT-AUBIN@12,1,12,SAINT-AUBIN,MONTEE,50.0,-4.977,3.137,1.261
52,NOTRE-DAME@12,2,12,NOTRE-DAME,BOULEV,50.0,-4.977,3.137,1.261
53,PIE-IX@12,2,12,PIE-IX,BOULEV,50.0,-4.977,3.137,1.261
54,DE LUCON@12,2,12,DE LUCON,RUE,0.0,-4.977,3.137,1.261
55,LE CARREFOUR@12,3,12,LE CARREFOUR,BOULEV,50.0,-4.977,3.137,1.261
56,DUTRISAC@12,2,12,DUTRISAC,AVENUE,40.0,-4.977,3.137,1.261
57,GABRIEL@12,1,12,GABRIEL,BOULEV,60.0,-4.977,3.137,1.261
58,ROBERT-ELIE@12,1,12,ROBERT-ELIE,RUE,40.0,-4.977,3.137,1.261
59,JUBINVILLE@12,1,12,JUBINVILLE,RUE,40.0,-4.977,3.137,1.261
60,BELLEROSE EST@12,2,12,BELLEROSE EST,BOULEV,50.0,-4.977,3.137,1.261
61,CLEROUX@12,1,12,CLEROUX,BOULEV,0.0,-4.977,3.137,1.261
62,DE LA CONCORDE OUEST@12,4,12,DE LA CONCORDE OUEST,BOULEV,60.0,-4.977,3.137,1.261
63,SAINT-MARTIN EST@12,1,12,SAINT-MARTIN EST,BOULEV,0.0,-4.977,3.137,1.261
64,75E@12,3,12,75E,AVENUE,40.0,-4.977,3.137,1.261
65,SAINT-FRANCOIS@12,1,12,SAINT-FRANCOIS,MONTEE,0.0,-4.977,3.137,1.261
66,DES PERRON@12,2,12,DES PERRON,AVENUE,50.0,-4.977,3.137,1.261
67,FAVREAU@12,1,12,FAVREAU,RUE,50.0,-4.977,3.137,1.261
68,MICHELIN@12,1,12,MICHELIN,RUE,50.0,-4.977,3.137,1.261
69,85E@12,2,12,85E,AVENUE,40.0,-4.977,3.137,1.261
70,BAZIN@12,2,12,BAZIN,AVENUE,40.0,-4.977,3.137,1.261
71,PIERRE-PELADEAU@12,3,12,PIERRE-PELADEAU,AVENUE,0.0,-4.977,3.137,1.261
72,CURE-LABELLE@11,37,11,CURE-LABELLE,BOULEV,0.0,-0.741,3.596,3.385
73,LEVESQUE OUEST@11,1,11,LEVESQUE OUEST,BOULEV,0.0,-0.741,3.596,3.385
74,DES LAURENTIDES A-15@11,9,11,DES LAURENTIDES A-15,VOIE,0.0,-0.741,3.596,3.385
75,DES LAURENTIDES@11,21,11,DES LAURENTIDES,BOULEV,0.0,-0.741,3.596,3.385
76,CHOMEDEY@11,2,11,CHOMEDEY,BOULEV,0.0,-0.741,3.596,3.385
77,DES MILLE-ILES@11,4,11,DES MILLE-ILES,BOULEV,0.0,-0.741,3.596,3.385
78,LE CORBUSIER@11,9,11,LE CORBUSIER,BOULEV,60.0,-0.741,3.596,3.385
79,LAVAL OUEST A-440@11,21,11,LAVAL OUEST A-440,ROUTE,0.0,-0.741,3.596,3.385
80,DAGENAIS OUEST@11,11,11,DAGENAIS OUEST,BOULEV,60.0,-0.741,3.596,3.385
81,INDUSTRIEL@11,10,11,INDUSTRIEL,BOULEV,60.0,-0.741,3.596,3.385
82,DES ILES@11,2,11,DES ILES,PROMEN,0.0,-0.741,3.596,3.385
83,DAGENAIS EST@11,4,11,DAGENAIS EST,BOULEV,60.0,-0.741,3.596,3.385
84,DESNOYERS@11,2,11,DESNOYERS,AVENUE,40.0,-0.741,3.596,3.385
85,SAINT-FRANCOIS@11,3,11,SAINT-FRANCOIS,MONTEE,0.0,-0.741,3.596,3.385
86,LAVAL@11,2,11,LAVAL,BOULEV,0.0,-0.741,3.596,3.385
87,MARC-AURELE-FORTIN@11,3,11,MARC-AURELE-FORTIN,AVENUE,0.0,-0.741,3.596,3.385
88,DE LA CONCORDE EST@11,11,11,DE LA CONCORDE EST,BOULEV,50.0,-0.741,3.596,3.385
89,SAMSON@11,9,11,SAMSON,BOULEV,0.0,-0.741,3.596,3.385
90,LOUIS-B -MAYER@11,3,11,LOUIS-B -MAYER,RUE,0.0,-0.741,3.596,3.385
91,DE L EQUERRE@11,3,11,DE L EQUERRE,RANG,0.0,-0.741,3.596,3.385
92,DE BELGRADE EST@11,2,11,DE BELGRADE EST,RUE,40.0,-0.741,3.596,3.385
93,DANIEL-JOHNSON@11,2,11,DANIEL-JOHNSON,BOULEV,50.0,-0.741,3.596,3.385
94,100E@11,6,11,100E,AVENUE,50.0,-0.741,3.596,3.385
95,NOTRE-DAME@11,3,11,NOTRE-DAME,BOULEV,50.0,-0.741,3.596,3.385
96,SAINT-MARTIN OUEST@11,6,11,SAINT-MARTIN OUEST,BOULEV,0.0,-0.741,3.596,3.385
97,CHATELAINE@11,2,11,CHATELAINE,AVENUE,0.0,-0.741,3.596,3.385
98,BRISSETTE@11,2,11,BRISSETTE,TERRAS,40.0,-0.741,3.596,3.385
99,MONTGOLFIER@11,1,11,MONTGOLFIER,RUE,40.0,-0.741,3.596,3.385
100,PAPINEAU A-19@11,2,11,PAPINEAU A-19,AUTORO,0.0,-0.741,3.596,3.385
101,CHOMEDEY A-13@11,9,11,CHOMEDEY A-13,AUTORO,0.0,-0.741,3.596,3.385
102,LEVESQUE EST@11,2,11,LEVESQUE EST,BOULEV,0.0,-0.741,3.596,3.385
103,ANGELE@11,3,11,ANGELE,RUE,0.0,-0.741,3.596,3.385
104,SAINTE-ROSE@11,6,11,SAINTE-ROSE,BOULEV,50.0,-0.741,3.596,3.385
105,DU BORD-DE-L EAU@11,2,11,DU BORD-DE-L EAU,CHEMIN,0.0,-0.741,3.596,3.385
106,DE LA CONCORDE OUEST@11,6,11,DE LA CONCORDE OUEST,BOULEV,60.0,-0.741,3.596,3.385
107,PAPINEAU@11,3,11,PAPINEAU,AVENUE,0.0,-0.741,3.596,3.385
108,DE L HOTEL-DE-VILLE@11,1,11,DE L HOTEL-DE-VILLE,RUE,0.0,-0.741,3.596,3.385
109,PIE-X@11,1,11,PIE-X,BOULEV,40.0,-0.741,3.596,3.385
110,CARTIER EST@11,2,11,CARTIER EST,BOULEV,50.0,-0.741,3.596,3.385
111,RENE-LAENNEC@11,3,11,RENE-LAENNEC,BOULEV,0.0,-0.741,3.596,3.385
112,NADON@11,1,11,NADON,RUE,40.0,-0.741,3.596,3.385
113,LAVAL EST A-440@11,6,11,LAVAL EST A-440,AUTORO,0.0,-0.741,3.596,3.385
114,LE ROYER@11,2,11,LE ROYER,RUE,40.0,-0.741,3.596,3.385
115,DU SOUVENIR@11,1,11,DU SOUVENIR,BOULEV,50.0,-0.741,3.596,3.385
116,CLERMONT@11,2,11,CLERMONT,BOULEV,40.0,-0.741,3.596,3.385
117,DES BOIS@11,1,11,DES BOIS,AVENUE,0.0,-0.741,3.596,3.385
118,LABELLE@11,1,11,LABELLE,RUE,40.0,-0.741,3.596,3.385
119,ARTHUR-SAUVE@11,2,11,ARTHUR-SAUVE,BOULEV,0.0,-0.741,3.596,3.385
120,PAUL-KANE@11,2,11,PAUL-KANE,PLACE,50.0,-0.741,3.596,3.385
121,SAINTE-MARIE@11,1,11,SAINTE-MARIE,BOULEV,70.0,-0.741,3.596,3.385
122,MASSON@11,4,11,MASSON,MONTEE,60.0,-0.741,3.596,3.385
123,GILLES@11,1,11,GILLES,RUE,40.0,-0.741,3.596,3.385
124,MARCEL-VILLENEUVE@11,1,11,MARCEL-VILLENEUVE,RUE,70.0,-0.741,3.596,3.385
125,MICHELIN@11,2,11,MICHELIN,RUE,50.0,-0.741,3.596,3.385
126,SAINT-SAENS EST@11,1,11,SAINT-SAENS EST,RUE,0.0,-0.741,3.596,3.385
127,CLEROUX@11,3,11,CLEROUX,BOULEV,0.0,-0.741,3.596,3.385
128,DU HAUT-SAINT-FRANCOIS@11,1,11,DU HAUT-SAINT-FRANCOIS,MONTEE,0.0,-0.741,3.596,3.385
129,BELLEVILLE@11,2,11,BELLEVILLE,AVENUE,40.0,-0.741,3.596,3.385
130,FELIX@11,1,11,FELIX,RUE,0.0,-0.741,3.596,3.385
131,CUNARD@11,2,11,CUNARD,RUE,50.0,-0.741,3.596,3.385
132,MCNAMARA@11,2,11,MCNAMARA,RUE,40.0,-0.741,3.596,3.385
133,LESAGE@11,4,11,LESAGE,BOULEV,50.0,-0.741,3.596,3.385
134,TOURANGEAU EST@11,2,11,TOURANGEAU EST,RUE,40.0,-0.741,3.596,3.385
135,DES PATRIOTES@11,1,11,DES PATRIOTES,RUE,50.0,-0.741,3.596,3.385
136,R-125@11,1,11,R-125,AUTORO,0.0,-0.741,3.596,3.385
137,DES PERRON@11,3,11,DES PERRON,BOULEV,50.0,-0.741,3.596,3.385
138,ALEXANDRE@11,2,11,ALEXANDRE,RUE,40.0,-0.741,3.596,3.385
139,DE BOIS-DE-BOULOGNE@11,1,11,DE BOIS-DE-BOULOGNE,AVENUE,50.0,-0.741,3.596,3.385
140,CARTIER OUEST@11,2,11,CARTIER OUEST,BOULEV,0.0,-0.741,3.596,3.385
141,LUCIEN-PAIEMENT@11,1,11,LUCIEN-PAIEMENT,RUE,40.0,-0.741,3.596,3.385
142,DES LAURENTIDES@10,23,10,DES LAURENTIDES,BOULEV,0.0,7.504,2.764,0.0
143,DES LAURENTIDES A-15@10,25,10,DES LAURENTIDES A-15,ROUTE,0.0,7.504,2.764,0.0
144,SAMSON@10,13,10,SAMSON,BOULEV,0.0,7.504,2.764,0.0
145,INDUSTRIEL@10,9,10,INDUSTRIEL,BOULEV,60.0,7.504,2.764,0.0
146,CHOMEDEY@10,6,10,CHOMEDEY,BOULEV,0.0,7.504,2.764,0.0
147,LAVAL OUEST A-440@10,11,10,LAVAL OUEST A-440,VOIE,0.0,7.504,2.764,0.0
148,DAGENAIS EST@10,1,10,DAGENAIS EST,BOULEV,60.0,7.504,2.764,0.0
149,DE LA CONCORDE OUEST@10,4,10,DE LA CONCORDE OUEST,BOULEV,60.0,7.504,2.764,0.0
150,ROBINSON@10,2,10,ROBINSON,RUE,40.0,7.504,2.764,0.0
151,DU BORD-DE-L EAU@10,3,10,DU BORD-DE-L EAU,CHEMIN,0.0,7.504,2.764,0.0
152,LE CARREFOUR@10,3,10,LE CARREFOUR,BOULEV,50.0,7.504,2.764,0.0
153,BARBE@10,1,10,BARBE,AVENUE,40.0,7.504,2.764,0.0
154,LEVESQUE EST@10,3,10,LEVESQUE EST,BOULEV,0.0,7.504,2.764,0.0
155,DE METZ@10,2,10,DE METZ,RUE,40.0,7.504,2.764,0.0
156,DAGENAIS OUEST@10,6,10,DAGENAIS OUEST,BOULEV,60.0,7.504,2.764,0.0
157,PAPINEAU@10,6,10,PAPINEAU,AVENUE,0.0,7.504,2.764,0.0
158,CHAMPAGNE@10,4,10,CHAMPAGNE,MONTEE,50.0,7.504,2.764,0.0
159,CURE-LABELLE@10,17,10,CURE-LABELLE,BOULEV,0.0,7.504,2.764,0.0
160,LAVAL EST A-440@10,12,10,LAVAL EST A-440,VOIE,0.0,7.504,2.764,0.0
161,CARTIER OUEST@10,9,10,CARTIER OUEST,BOULEV,0.0,7.504,2.764,0.0
162,SAINT-SAENS EST@10,2,10,SAINT-SAENS EST,RUE,0.0,7.504,2.764,0.0
163,52E@10,2,10,52E,RUE,40.0,7.504,2.764,0.0
164,R-125@10,4,10,R-125,AUTORO,0.0,7.504,2.764,0.0
165,LEVESQUE OUEST@10,1,10,LEVESQUE OUEST,BOULEV,0.0,7.504,2.764,0.0
166,CHOMEDEY A-13@10,4,10,CHOMEDEY A-13,VOIE,0.0,7.504,2.764,0.0
167,100E@10,4,10,100E,AVENUE,50.0,7.504,2.764,0.0
168,MUNCK@10,2,10,MUNCK,AVENUE,50.0,7.504,2.764,0.0
169,BELLEROSE EST@10,2,10,BELLEROSE EST,BOULEV,50.0,7.504,2.764,0.0
170,PERRIN@10,2,10,PERRIN,AVENUE,40.0,7.504,2.764,0.0
171,NOTRE-DAME@10,4,10,NOTRE-DAME,BOULEV,50.0,7.504,2.764,0.0
172,JEAN-PAUL-SARTRE@10,1,10,JEAN-PAUL-SARTRE,RUE,40.0,7.504,2.764,0.0
173,LE CORBUSIER@10,6,10,LE CORBUSIER,BOULEV,60.0,7.504,2.764,0.0
174,DES BOIS@10,8,10,DES BOIS,AVENUE,0.0,7.504,2.764,0.0
175,SAINT-FRANCOIS@10,4,10,SAINT-FRANCOIS,MONTEE,0.0,7.504,2.764,0.0
176,AMPERE@10,1,10,AMPERE,AVENUE,0.0,7.504,2.764,0.0
177,DE LA LAVATERE@10,2,10,DE LA LAVATERE,RUE,0.0,7.504,2.764,0.0
178,ARTHUR-SAUVE@10,3,10,ARTHUR-SAUVE,BOULEV,0.0,7.504,2.764,0.0
179,REYNALD@10,2,10,REYNALD,RUE,40.0,7.504,2.764,0.0
180,LEPINE@10,2,10,LEPINE,RUE,0.0,7.504,2.764,0.0
181,ROBIN@10,4,10,ROBIN,BOULEV,40.0,7.504,2.764,0.0
182,63E@10,2,10,63E,AVENUE,40.0,7.504,2.764,0.0
183,DE L HOTEL-DE-VILLE@10,1,10,DE L HOTEL-DE-VILLE,BOULEV,0.0,7.504,2.764,0.0
184,RENAUD OUEST@10,2,10,RENAUD OUEST,RUE,40.0,7.504,2.764,0.0
185,PAPINEAU A-19@10,1,10,PAPINEAU A-19,AUTORO,0.0,7.504,2.764,0.0
186,CARTIER EST@10,4,10,CARTIER EST,BOULEV,50.0,7.504,2.764,0.0
187,335@10,3,10,335,ROUTE,0.0,7.504,2.764,0.0
188,papineau@10,2,10,papineau,AVENUE,0.0,7.504,2.764,0.0
189,CUNARD@10,1,10,CUNARD,RUE,50.0,7.504,2.764,0.0
190,55E@10,1,10,55E,AVENUE,40.0,7.504,2.764,0.0
191,DESNOYERS@10,2,10,DESNOYERS,AVENUE,40.0,7.504,2.764,0.0
192,DE LA CONCORDE OUEST@9,15,9,DE LA CONCORDE OUEST,BOULEV,60.0,17.62,2.787,0.0
193,DEBRAY@9,2,9,DEBRAY,RUE,50.0,17.62,2.787,0.0
194,DES LAURENTIDES A-15@9,4,9,DES LAURENTIDES A-15,AUTORO,0.0,17.62,2.787,0.0
195,BEAUMONT@9,1,9,BEAUMONT,RUE,40.0,17.62,2.787,0.0
196,DES PATRIOTES@9,1,9,DES PATRIOTES,BOULEV,50.0,17.62,2.787,0.0
197,LAVAL EST A-440@9,2,9,LAVAL EST A-440,VOIE,0.0,17.62,2.787,0.0
198,LUCIEN-PAIEMENT@9,2,9,LUCIEN-PAIEMENT,RUE,40.0,17.62,2.787,0.0
199,CHOMEDEY A-13@9,6,9,CHOMEDEY A-13,AUTORO,0.0,17.62,2.787,0.0
200,LESAGE@9,2,9,LESAGE,BOULEV,50.0,17.62,2.787,0.0
201,DES LAURENTIDES@9,14,9,DES LAURENTIDES,BOULEV,0.0,17.62,2.787,0.0
202,PAPINEAU A-19@9,3,9,PAPINEAU A-19,AUTORO,0.0,17.62,2.787,0.0
203,SAINT-MARTIN OUEST@9,6,9,SAINT-MARTIN OUEST,BOULEV,0.0,17.62,2.787,0.0
204,LAVAL OUEST A-440@9,10,9,LAVAL OUEST A-440,VOIE,0.0,17.62,2.787,0.0
205,INDUSTRIEL@9,7,9,INDUSTRIEL,BOULEV,60.0,17.62,2.787,0.0
206,CHOMEDEY@9,4,9,CHOMEDEY,BOULEV,0.0,17.62,2.787,0.0
207,STEPHANIE@9,1,9,STEPHANIE,RUE,0.0,17.62,2.787,0.0
208,LAVAL@9,6,9,LAVAL,BOULEV,0.0,17.62,2.787,0.0
209,DES BOIS@9,3,9,DES BOIS,AVENUE,0.0,17.62,2.787,0.0
210,NOTRE-DAME@9,10,9,NOTRE-DAME,BOULEV,50.0,17.62,2.787,0.0
211,DE LA CONCORDE EST@9,4,9,DE LA CONCORDE EST,BOULEV,50.0,17.62,2.787,0.0
212,DE LA BERNINA@9,1,9,DE LA BERNINA,RUE,40.0,17.62,2.787,0.0
213,LE CORBUSIER@9,4,9,LE CORBUSIER,BOULEV,60.0,17.62,2.787,0.0
214,MONTROUGEAU@9,1,9,MONTROUGEAU,MONTEE,50.0,17.62,2.787,0.0
215,SAMSON@9,3,9,SAMSON,BOULEV,0.0,17.62,2.787,0.0
216,TERRY-FOX@9,3,9,TERRY-FOX,AVENUE,50.0,17.62,2.787,0.0
217,LEVESQUE EST@9,7,9,LEVESQUE EST,BOULEV,0.0,17.62,2.787,0.0
218,BELLEROSE EST@9,5,9,BELLEROSE EST,BOULEV,50.0,17.62,2.787,0.0
219,63E@9,2,9,63E,AVENUE,40.0,17.62,2.787,0.0
220,MARCEL-VILLENEUVE@9,2,9,MARCEL-VILLENEUVE,AVENUE,70.0,17.62,2.787,0.0
221,PRINCIPALE@9,3,9,PRINCIPALE,RUE,60.0,17.62,2.787,0.0
222,CHAMPLAIN@9,2,9,CHAMPLAIN,RUE,40.0,17.62,2.787,0.0
223,MICHELIN@9,2,9,MICHELIN,AVENUE,50.0,17.62,2.787,0.0
224,SAINT-MARTIN EST@9,3,9,SAINT-MARTIN EST,BOULEV,0.0,17.62,2.787,0.0
225,SAINTE-ROSE@9,1,9,SAINTE-ROSE,BOULEV,50.0,17.62,2.787,0.0
226,ROBERT-BOURASSA@9,1,9,ROBERT-BOURASSA,BOULEV,50.0,17.62,2.787,0.0
227,R-125@9,1,9,R-125,ROUTE,0.0,17.62,2.787,0.0
228,EMILE-MARTINEAU@9,1,9,EMILE-MARTINEAU,RUE,0.0,17.62,2.787,0.0
229,JUBINVILLE@9,1,9,JUBINVILLE,RUE,40.0,17.62,2.787,0.0
230,CURE-LABELLE@9,8,9,CURE-LABELLE,BOULEV,0.0,17.62,2.787,0.0
231,DES MILLE-ILES@9,3,9,DES MILLE-ILES,BOULEV,0.0,17.62,2.787,0.0
232,SAINTE-ROSE EST@9,1,9,SAINTE-ROSE EST,BOULEV,50.0,17.62,2.787,0.0
233,ARMAND-FRAPPIER@9,2,9,ARMAND-FRAPPIER,BOULEV,50.0,17.62,2.787,0.0
234,DE LA LAVATERE@9,3,9,DE LA LAVATERE,RUE,0.0,17.62,2.787,0.0
235,CHENIER@9,1,9,CHENIER,PLACE,0.0,17.62,2.787,0.0
236,DE BLOIS@9,1,9,DE BLOIS,BOULEV,50.0,17.62,2.787,0.0
237,RENE-LAENNEC@9,2,9,RENE-LAENNEC,BOULEV,0.0,17.62,2.787,0.0
238,DANIEL-JOHNSON@9,2,9,DANIEL-JOHNSON,BOULEV,50.0,17.62,2.787,0.0
239,DE LIMOGES@9,1,9,DE LIMOGES,RUE,50.0,17.62,2.787,0.0
240,CARTIER OUEST@9,2,9,CARTIER OUEST,BOULEV,0.0,17.62,2.787,0.0
241,7E@9,2,9,7E,RUE,40.0,17.62,2.787,0.0
242,VALENTIN@9,2,9,VALENTIN,RUE,40.0,17.62,2.787,0.0
243,PIERRE@9,2,9,PIERRE,RUE,40.0,17.62,2.787,0.0
244,DE PRINCE-RUPERT@9,2,9,DE PRINCE-RUPERT,RUE,50.0,17.62,2.787,0.0
245,GABRIEL@9,2,9,GABRIEL,BOULEV,60.0,17.62,2.787,0.0
246,DAGENAIS OUEST@9,6,9,DAGENAIS OUEST,BOULEV,60.0,17.62,2.787,0.0
247,JARRY@9,2,9,JARRY,BOULEV,40.0,17.62,2.787,0.0
248,DAGENAIS EST@9,3,9,DAGENAIS EST,BOULEV,60.0,17.62,2.787,0.0
249,DE HONFLEUR@9,2,9,DE HONFLEUR,RUE,40.0,17.62,2.787,0.0
250,GOINEAU@9,1,9,GOINEAU,BOULEV,50.0,17.62,2.787,0.0
251,DE LA CONCORDE est@9,2,9,DE LA CONCORDE est,BOULEV,50.0,17.62,2.787,0.0
252,BERGMAN@9,2,9,BERGMAN,RUE,50.0,17.62,2.787,0.0
253,CLOVIS@9,1,9,CLOVIS,RUE,40.0,17.62,2.787,0.0
254,PAPINEAU@9,4,9,PAPINEAU,AVENUE,0.0,17.62,2.787,0.0
255,ARTHUR-SAUVE@9,6,9,ARTHUR-SAUVE,BOULEV,0.0,17.62,2.787,0.0
256,AMPERE@9,3,9,AMPERE,AVENUE,0.0,17.62,2.787,0.0
257,DES ALOUETTES@9,4,9,DES ALOUETTES,RUE,40.0,17.62,2.787,0.0
258,PROULX EST@9,2,9,PROULX EST,RUE,40.0,17.62,2.787,0.0
259,4E@9,3,9,4E,RUE,40.0,17.62,2.787,0.0
260,SAINT-JACQUES@8,2,8,SAINT-JACQUES,RUE,40.0,23.0,1.957,0.0
261,LAVAL OUEST A-440@8,5,8,LAVAL OUEST A-440,AUTORO,0.0,23.0,1.957,0.0
262,PERRON@8,2,8,PERRON,BOULEV,50.0,23.0,1.957,0.0
263,DES LAURENTIDES@8,27,8,DES LAURENTIDES,BOULEV,0.0,23.0,1.957,0.0
264,BRIEN@8,2,8,BRIEN,AVENUE,40.0,23.0,1.957,0.0
265,INDUSTRIEL@8,4,8,INDUSTRIEL,BOULEV,60.0,23.0,1.957,0.0
266,SAINTE-ROSE@8,4,8,SAINTE-ROSE,BOULEV,50.0,23.0,1.957,0.0
267,CHAMPAGNE@8,3,8,CHAMPAGNE,MONTEE,50.0,23.0,1.957,0.0
268,VANIER@8,3,8,VANIER,BOULEV,40.0,23.0,1.957,0.0
269,DE LA CONCORDE EST@8,6,8,DE LA CONCORDE EST,BOULEV,50.0,23.0,1.957,0.0
270,SAINT-MARTIN OUEST@8,7,8,SAINT-MARTIN OUEST,BOULEV,0.0,23.0,1.957,0.0
271,CURE-LABELLE@8,15,8,CURE-LABELLE,BOULEV,0.0,23.0,1.957,0.0
272,CLAUDETTE@8,1,8,CLAUDETTE,RUE,40.0,23.0,1.957,0.0
273,DE LA CONCORDE OUEST@8,12,8,DE LA CONCORDE OUEST,BOULEV,60.0,23.0,1.957,0.0
274,PAPINEAU A-19@8,3,8,PAPINEAU A-19,AUTORO,0.0,23.0,1.957,0.0
275,LAVAL EST A-440@8,12,8,LAVAL EST A-440,VOIE,0.0,23.0,1.957,0.0
276,DAGENAIS OUEST@8,6,8,DAGENAIS OUEST,BOULEV,60.0,23.0,1.957,0.0
277,LAVAL@8,4,8,LAVAL,AVENUE,0.0,23.0,1.957,0.0
278,CHOMEDEY A-13@8,8,8,CHOMEDEY A-13,VOIE,0.0,23.0,1.957,0.0
279,AMPERE@8,1,8,AMPERE,AVENUE,0.0,23.0,1.957,0.0
280,FRIDOLIN@8,3,8,FRIDOLIN,RUE,40.0,23.0,1.957,0.0
281,MAPLE@8,2,8,MAPLE,RUE,40.0,23.0,1.957,0.0
282,SAINT-MARTIN EST@8,2,8,SAINT-MARTIN EST,BOULEV,0.0,23.0,1.957,0.0
283,desserte 440e@8,1,8,desserte 440e,AUTORO,0.0,23.0,1.957,0.0
284,95E@8,3,8,95E,AVENUE,40.0,23.0,1.957,0.0
285,MASSON@8,1,8,MASSON,BOULEV,60.0,23.0,1.957,0.0
286,CHOMEDEY@8,7,8,CHOMEDEY,BOULEV,0.0,23.0,1.957,0.0
287,DU SOUVENIR@8,4,8,DU SOUVENIR,CHEMIN,50.0,23.0,1.957,0.0
288,PAPINEAU@8,5,8,PAPINEAU,AVENUE,0.0,23.0,1.957,0.0
289,MICHELIN@8,1,8,MICHELIN,RUE,50.0,23.0,1.957,0.0
290,DU MOULIN@8,4,8,DU MOULIN,MONTEE,50.0,23.0,1.957,0.0
291,DES MILLE-ILES@8,1,8,DES MILLE-ILES,BOULEV,0.0,23.0,1.957,0.0
292,SAINT-ELZEAR OUEST@8,4,8,SAINT-ELZEAR OUEST,BOULEV,0.0,23.0,1.957,0.0
293,DES LAURENTIDES A-15@8,2,8,DES LAURENTIDES A-15,AUTORO,0.0,23.0,1.957,0.0
294,DU BORD-DE-L EAU@8,2,8,DU BORD-DE-L EAU,CHEMIN,0.0,23.0,1.957,0.0
295,DESLAURIERS@8,2,8,DESLAURIERS,RUE,40.0,23.0,1.957,0.0
296,LAPALME@8,2,8,LAPALME,AVENUE,40.0,23.0,1.957,0.0
297,JEAN-BERAUD@8,2,8,JEAN-BERAUD,BOULEV,0.0,23.0,1.957,0.0
298,ODILE@8,2,8,ODILE,RUE,40.0,23.0,1.957,0.0
299,DE PISE@8,2,8,DE PISE,RUE,40.0,23.0,1.957,0.0
300,LE CORBUSIER@8,2,8,LE CORBUSIER,BOULEV,60.0,23.0,1.957,0.0
301,DE CASSIS@8,2,8,DE CASSIS,RUE,40.0,23.0,1.957,0.0
302,CARTIER OUEST@8,1,8,CARTIER OUEST,BOULEV,0.0,23.0,1.957,0.0
303,DE LA RENAISSANCE@8,3,8,DE LA RENAISSANCE,BOULEV,50.0,23.0,1.957,0.0
304,NOTRE-DAME@8,1,8,NOTRE-DAME,BOULEV,50.0,23.0,1.957,0.0
305,IVAN-PAVLOV@8,2,8,IVAN-PAVLOV,BOULEV,40.0,23.0,1.957,0.0
306,DU RUISSEAU@8,1,8,DU RUISSEAU,RUE,40.0,23.0,1.957,0.0
307,YVON-BERGER@8,2,8,YVON-BERGER,RUE,40.0,23.0,1.957,0.0
308,DE LA VOLIERE@8,2,8,DE LA VOLIERE,AVENUE,0.0,23.0,1.957,0.0
309,SAMSON@7,5,7,SAMSON,BOULEV,0.0,24.22,2.984,0.0
310,SAINT-MARTIN EST@7,6,7,SAINT-MARTIN EST,BOULEV,0.0,24.22,2.984,0.0
311,GOINEAU@7,2,7,GOINEAU,BOULEV,50.0,24.22,2.984,0.0
312,DE NAMUR@7,1,7,DE NAMUR,RUE,40.0,24.22,2.984,0.0
313,DE LA CONCORDE OUEST@7,9,7,DE LA CONCORDE OUEST,BOULEV,60.0,24.22,2.984,0.0
314,DES LAURENTIDES A-15@7,7,7,DES LAURENTIDES A-15,VOIE,0.0,24.22,2.984,0.0
315,MARC-AURELE-FORTIN@7,1,7,MARC-AURELE-FORTIN,AVENUE,0.0,24.22,2.984,0.0
316,CHOMEDEY A-13@7,5,7,CHOMEDEY A-13,VOIE,0.0,24.22,2.984,0.0
317,BELLEROSE EST@7,2,7,BELLEROSE EST,BOULEV,50.0,24.22,2.984,0.0
318,CURE-LABELLE@7,18,7,CURE-LABELLE,BOULEV,0.0,24.22,2.984,0.0
319,NORMONT@7,2,7,NORMONT,RUE,40.0,24.22,2.984,0.0
320,CARTIER OUEST@7,8,7,CARTIER OUEST,BOULEV,0.0,24.22,2.984,0.0
321,DAGENAIS OUEST@7,6,7,DAGENAIS OUEST,BOULEV,60.0,24.22,2.984,0.0
322,DE LA CONCORDE EST@7,8,7,DE LA CONCORDE EST,BOULEV,50.0,24.22,2.984,0.0
323,LE CORBUSIER@7,2,7,LE CORBUSIER,BOULEV,60.0,24.22,2.984,0.0
324,98E@7,2,7,98E,AVENUE,40.0,24.22,2.984,0.0
325,DES LAURENTIDES@7,12,7,DES LAURENTIDES,BOULEV,0.0,24.22,2.984,0.0
326,SAINT-ELZEAR OUEST@7,2,7,SAINT-ELZEAR OUEST,BOULEV,0.0,24.22,2.984,0.0
327,DE FONTENELLE@7,1,7,DE FONTENELLE,TERRAS,40.0,24.22,2.984,0.0
328,ALEXANDRE@7,2,7,ALEXANDRE,RUE,40.0,24.22,2.984,0.0
329,SAINTE-ROSE@7,7,7,SAINTE-ROSE,BOULEV,50.0,24.22,2.984,0.0
330,DES OISEAUX@7,4,7,DES OISEAUX,BOULEV,50.0,24.22,2.984,0.0
331,PAPINEAU@7,10,7,PAPINEAU,AVENUE,0.0,24.22,2.984,0.0
332,CHOMEDEY@7,6,7,CHOMEDEY,BOULEV,0.0,24.22,2.984,0.0
333,GOUIN@7,1,7,GOUIN,RUE,40.0,24.22,2.984,0.0
334,LAVAL EST A-440@7,4,7,LAVAL EST A-440,AUTORO,0.0,24.22,2.984,0.0
335,DU SOUVENIR@7,6,7,DU SOUVENIR,BOULEV,50.0,24.22,2.984,0.0
336,NOEL@7,2,7,NOEL,RUE,0.0,24.22,2.984,0.0
337,DES PRAIRIES@7,2,7,DES PRAIRIES,BOULEV,50.0,24.22,2.984,0.0
338,LE CARREFOUR@7,2,7,LE CARREFOUR,BOULEV,50.0,24.22,2.984,0.0
339,DAGENAIS EST@7,1,7,DAGENAIS EST,BOULEV,60.0,24.22,2.984,0.0
340,DU TRAIT-CARRE@7,2,7,DU TRAIT-CARRE,CHEMIN,0.0,24.22,2.984,0.0
341,RENE-LAENNEC@7,2,7,RENE-LAENNEC,BOULEV,0.0,24.22,2.984,0.0
342,MARIAN@7,2,7,MARIAN,RUE,40.0,24.22,2.984,0.0
343,ARTHUR-SAUVE@7,2,7,ARTHUR-SAUVE,BOULEV,0.0,24.22,2.984,0.0
344,ROGER-LORTIE@7,2,7,ROGER-LORTIE,BOULEV,70.0,24.22,2.984,0.0
345,PAPINEAU A-19@7,1,7,PAPINEAU A-19,AUTORO,0.0,24.22,2.984,0.0
346,SAINTE-ROSE EST@7,2,7,SAINTE-ROSE EST,BOULEV,50.0,24.22,2.984,0.0
347,LAVAL@7,1,7,LAVAL,BOULEV,0.0,24.22,2.984,0.0
348,LAVAL OUEST A-440@7,7,7,LAVAL OUEST A-440,VOIE,0.0,24.22,2.984,0.0
349,DE LA STATION@7,2,7,DE LA STATION,RUE,50.0,24.22,2.984,0.0
350,DE CLEVES@7,2,7,DE CLEVES,RUE,0.0,24.22,2.984,0.0
351,PERRON@6,1,6,PERRON,BOULEV,50.0,18.95,2.596,0.0
352,CLARENDON@7,1,7,CLARENDON,AVENUE,40.0,24.22,2.984,0.0
353,DES LAURENTIDES A-15@6,2,6,DES LAURENTIDES A-15,AUTORO,0.0,18.95,2.596,0.0
354,DE CALLIERES@6,4,6,DE CALLIERES,CROISS,0.0,18.95,2.596,0.0
355,DAGENAIS OUEST@6,11,6,DAGENAIS OUEST,BOULEV,60.0,18.95,2.596,0.0
356,DES LAURENTIDES@6,12,6,DES LAURENTIDES,BOULEV,0.0,18.95,2.596,0.0
357,LE CORBUSIER@6,6,6,LE CORBUSIER,BOULEV,60.0,18.95,2.596,0.0
358,CURE-LABELLE@6,16,6,CURE-LABELLE,BOULEV,0.0,18.95,2.596,0.0
359,SAINT-MARTIN OUEST@6,7,6,SAINT-MARTIN OUEST,BOULEV,0.0,18.95,2.596,0.0
360,ERNEST-CORMIER@6,2,6,ERNEST-CORMIER,RUE,50.0,18.95,2.596,0.0
361,MASSON@6,5,6,MASSON,MONTEE,60.0,18.95,2.596,0.0
362,SAINTE-ROSE@6,4,6,SAINTE-ROSE,BOULEV,50.0,18.95,2.596,0.0
363,PAPINEAU A-19@6,5,6,PAPINEAU A-19,AUTORO,0.0,18.95,2.596,0.0
364,LEVESQUE EST@6,2,6,LEVESQUE EST,BOULEV,0.0,18.95,2.596,0.0
365,NOTRE-DAME-DE-FATIMA@6,2,6,NOTRE-DAME-DE-FATIMA,RUE,50.0,18.95,2.596,0.0
366,BELLEROSE EST@6,3,6,BELLEROSE EST,BOULEV,50.0,18.95,2.596,0.0
367,MARC@6,1,6,MARC,RUE,40.0,18.95,2.596,0.0
368,MICHELIN@6,3,6,MICHELIN,RUE,50.0,18.95,2.596,0.0
369,SAINT-SAENS EST@6,2,6,SAINT-SAENS EST,RUE,0.0,18.95,2.596,0.0
370,SAINT-ELZEAR OUEST@6,4,6,SAINT-ELZEAR OUEST,BOULEV,0.0,18.95,2.596,0.0
371,CHOMEDEY A-13@6,8,6,CHOMEDEY A-13,AUTORO,0.0,18.95,2.596,0.0
372,TOURANGEAU EST@6,2,6,TOURANGEAU EST,RUE,40.0,18.95,2.596,0.0
373,SAMSON@6,5,6,SAMSON,BOULEV,0.0,18.95,2.596,0.0
374,DE LUCERNE@6,1,6,DE LUCERNE,RUE,40.0,18.95,2.596,0.0
375,85E@6,2,6,85E,AVENUE,40.0,18.95,2.596,0.0
376,BELLEVILLE@6,2,6,BELLEVILLE,AVENUE,40.0,18.95,2.596,0.0
377,LAVAL OUEST A-440@6,7,6,LAVAL OUEST A-440,VOIE,0.0,18.95,2.596,0.0
378,GABRIEL@6,1,6,GABRIEL,BOULEV,60.0,18.95,2.596,0.0
379,SAINT-MARTIN EST@6,3,6,SAINT-MARTIN EST,BOULEV,0.0,18.95,2.596,0.0
380,SAINT-ELZEAR EST@6,5,6,SAINT-ELZEAR EST,BOULEV,0.0,18.95,2.596,0.0
381,DE LA CONCORDE OUEST@6,8,6,DE LA CONCORDE OUEST,BOULEV,60.0,18.95,2.596,0.0
382,CARTIER OUEST@6,3,6,CARTIER OUEST,BOULEV,0.0,18.95,2.596,0.0
383,SAINT-HUBERT@6,3,6,SAINT-HUBERT,RUE,40.0,18.95,2.596,0.0
384,AMPERE@6,2,6,AMPERE,AVENUE,0.0,18.95,2.596,0.0
385,JUSTIN@6,2,6,JUSTIN,RUE,40.0,18.95,2.596,0.0
386,GOINEAU@6,1,6,GOINEAU,BOULEV,50.0,18.95,2.596,0.0
387,LAVAL EST A-440@6,6,6,LAVAL EST A-440,VOIE,0.0,18.95,2.596,0.0
388,LAVAL@6,2,6,LAVAL,BOULEV,0.0,18.95,2.596,0.0
389,DE LA CONCORDE EST@6,9,6,DE LA CONCORDE EST,BOULEV,50.0,18.95,2.596,0.0
390,DU ROI-DU-NORD@6,2,6,DU ROI-DU-NORD,BOULEV,50.0,18.95,2.596,0.0
391,PIE-IX@6,2,6,PIE-IX,BOULEV,50.0,18.95,2.596,0.0
392,INDUSTRIEL@6,3,6,INDUSTRIEL,BOULEV,60.0,18.95,2.596,0.0
393,DE LA BRETAGNE@6,1,6,DE LA BRETAGNE,CHEMIN,40.0,18.95,2.596,0.0
394,DE LA RENAISSANCE@6,2,6,DE LA RENAISSANCE,AVENUE,50.0,18.95,2.596,0.0
395,BERGAR@6,2,6,BERGAR,RUE,50.0,18.95,2.596,0.0
396,CHOMEDEY@6,4,6,CHOMEDEY,BOULEV,0.0,18.95,2.596,0.0
397,52E@6,2,6,52E,RUE,40.0,18.95,2.596,0.0
398,DU SOUVENIR@6,1,6,DU SOUVENIR,CHEMIN,50.0,18.95,2.596,0.0
399,SAINT-FRANCOIS@6,4,6,SAINT-FRANCOIS,MONTEE,0.0,18.95,2.596,0.0
400,62E@6,2,6,62E,AVENUE,40.0,18.95,2.596,0.0
401,DAMIEN-CYR@6,2,6,DAMIEN-CYR,RUE,40.0,18.95,2.596,0.0
402,LE ROYER@6,2,6,LE ROYER,RUE,40.0,18.95,2.596,0.0
403,MGR-BOURGET@6,2,6,MGR-BOURGET,AVENUE,40.0,18.95,2.596,0.0
404,LABELLE@6,2,6,LABELLE,RUE,40.0,18.95,2.596,0.0
405,DES BOIS@6,2,6,DES BOIS,AVENUE,0.0,18.95,2.596,0.0
406,43E@6,2,6,43E,AVENUE,40.0,18.95,2.596,0.0
407,MONTGOLFIER@6,3,6,MONTGOLFIER,RUE,40.0,18.95,2.596,0.0
408,BERTIN@6,2,6,BERTIN,RUE,40.0,18.95,2.596,0.0
409,NOTRE-DAME@6,2,6,NOTRE-DAME,BOULEV,50.0,18.95,2.596,0.0
410,CARDINAL@6,2,6,CARDINAL,RUE,40.0,18.95,2.596,0.0
411,LAVAL OUEST A-440@5,15,5,LAVAL OUEST A-440,VOIE,0.0,15.836,1.564,0.0
412,NOTRE-DAME@5,2,5,NOTRE-DAME,BOULEV,50.0,15.836,1.564,0.0
413,DAGENAIS OUEST@5,10,5,DAGENAIS OUEST,BOULEV,60.0,15.836,1.564,0.0
414,DE LA CONCORDE OUEST@5,12,5,DE LA CONCORDE OUEST,BOULEV,60.0,15.836,1.564,0.0
415,DES OISEAUX@5,3,5,DES OISEAUX,BOULEV,50.0,15.836,1.564,0.0
416,DE L AVENIR@5,2,5,DE L AVENIR,BOULEV,0.0,15.836,1.564,0.0
417,DES LAURENTIDES@5,16,5,DES LAURENTIDES,BOULEV,0.0,15.836,1.564,0.0
418,LEVESQUE EST@5,7,5,LEVESQUE EST,BOULEV,0.0,15.836,1.564,0.0
419,CURE-LABELLE@5,5,5,CURE-LABELLE,BOULEV,0.0,15.836,1.564,0.0
420,LEVESQUE OUEST@5,4,5,LEVESQUE OUEST,BOULEV,0.0,15.836,1.564,0.0
421,CHOMEDEY@5,10,5,CHOMEDEY,BOULEV,0.0,15.836,1.564,0.0
422,CARTIER OUEST@5,11,5,CARTIER OUEST,BOULEV,0.0,15.836,1.564,0.0
423,LOUIS-PAYETTE@5,2,5,LOUIS-PAYETTE,AVENUE,50.0,15.836,1.564,0.0
424,SAINTE-ROSE@5,2,5,SAINTE-ROSE,BOULEV,50.0,15.836,1.564,0.0
425,DE LA RENAISSANCE@5,4,5,DE LA RENAISSANCE,BOULEV,50.0,15.836,1.564,0.0
426,LE CORBUSIER@5,6,5,LE CORBUSIER,BOULEV,60.0,15.836,1.564,0.0
427,SAINT-ELZEAR OUEST@5,2,5,SAINT-ELZEAR OUEST,BOULEV,0.0,15.836,1.564,0.0
428,SAINT-MARTIN OUEST@5,8,5,SAINT-MARTIN OUEST,BOULEV,0.0,15.836,1.564,0.0
429,ODILE@5,2,5,ODILE,RUE,40.0,15.836,1.564,0.0
430,DES PRAIRIES@5,3,5,DES PRAIRIES,BOULEV,50.0,15.836,1.564,0.0
431,DU MONT-ROYAL@5,2,5,DU MONT-ROYAL,RUE,40.0,15.836,1.564,0.0
432,SAINTE-MARIE@5,1,5,SAINTE-MARIE,CHEMIN,70.0,15.836,1.564,0.0
433,PAPINEAU A-19@5,5,5,PAPINEAU A-19,AUTORO,0.0,15.836,1.564,0.0
434,RICHARD@5,2,5,RICHARD,RUE,40.0,15.836,1.564,0.0
435,PAPINEAU@5,4,5,PAPINEAU,AVENUE,0.0,15.836,1.564,0.0
436,BELLEROSE OUEST@5,2,5,BELLEROSE OUEST,BOULEV,50.0,15.836,1.564,0.0
437,CUNARD@5,3,5,CUNARD,RUE,50.0,15.836,1.564,0.0
438,DE LA STATION@5,1,5,DE LA STATION,RUE,50.0,15.836,1.564,0.0
439,DE LA CONCORDE EST@5,6,5,DE LA CONCORDE EST,BOULEV,50.0,15.836,1.564,0.0
440,DES LAURENTIDES A-15@5,9,5,DES LAURENTIDES A-15,VOIE,0.0,15.836,1.564,0.0
441,CHOMEDEY A-13@5,10,5,CHOMEDEY A-13,VOIE,0.0,15.836,1.564,0.0
442,JACQUES-BUREAU@5,3,5,JACQUES-BUREAU,AVENUE,50.0,15.836,1.564,0.0
443,DE PRINCE-RUPERT@5,2,5,DE PRINCE-RUPERT,RUE,50.0,15.836,1.564,0.0
444,MONTEREY@5,2,5,MONTEREY,RUE,50.0,15.836,1.564,0.0
445,SAMSON@5,6,5,SAMSON,BOULEV,0.0,15.836,1.564,0.0
446,DES BOIS@5,6,5,DES BOIS,AVENUE,0.0,15.836,1.564,0.0
447,DE CASSIS@5,1,5,DE CASSIS,RUE,40.0,15.836,1.564,0.0
448,DE PROVENCE@5,2,5,DE PROVENCE,RUE,40.0,15.836,1.564,0.0
449,DUMOUCHEL@5,2,5,DUMOUCHEL,AVENUE,40.0,15.836,1.564,0.0
450,SAINT-FLORENT@5,2,5,SAINT-FLORENT,RUE,40.0,15.836,1.564,0.0
451,ROBERT-BOURASSA@5,2,5,ROBERT-BOURASSA,BOULEV,50.0,15.836,1.564,0.0
452,DE BOIS-DE-BOULOGNE@5,1,5,DE BOIS-DE-BOULOGNE,AVENUE,50.0,15.836,1.564,0.0
453,SAINT-MARTIN EST@5,2,5,SAINT-MARTIN EST,BOULEV,0.0,15.836,1.564,0.0
454,INDUSTRIEL@5,4,5,INDUSTRIEL,BOULEV,60.0,15.836,1.564,0.0
455,DU BAS-SAINT-FRANCOIS@5,1,5,DU BAS-SAINT-FRANCOIS,RANG,0.0,15.836,1.564,0.0
456,CLEOPHAS-CHARBONNEAU@5,2,5,CLEOPHAS-CHARBONNEAU,RUE,0.0,15.836,1.564,0.0
457,RENE-LAENNEC@5,3,5,RENE-LAENNEC,BOULEV,0.0,15.836,1.564,0.0
458,LAVAL@5,2,5,LAVAL,BOULEV,0.0,15.836,1.564,0.0
459,PILON@5,2,5,PILON,RUE,40.0,15.836,1.564,0.0
460,BELLEROSE EST@5,2,5,BELLEROSE EST,BOULEV,50.0,15.836,1.564,0.0
461,DES MILLE-ILES@5,1,5,DES MILLE-ILES,BOULEV,0.0,15.836,1.564,0.0
462,BENOIT@5,1,5,BENOIT,RUE,40.0,15.836,1.564,0.0
463,LAVAL EST A-440@5,2,5,LAVAL EST A-440,AUTORO,0.0,15.836,1.564,0.0
464,DE MEXICO@5,2,5,DE MEXICO,RUE,40.0,15.836,1.564,0.0
465,PIERRE-PELADEAU@5,2,5,PIERRE-PELADEAU,AVENUE,0.0,15.836,1.564,0.0
466,MICHELIN@5,2,5,MICHELIN,RUE,50.0,15.836,1.564,0.0
467,LE CORBUSIER@4,9,4,LE CORBUSIER,BOULEV,60.0,3.92,3.12,2.2
468,DE BLOIS@4,2,4,DE BLOIS,BOULEV,50.0,3.92,3.12,2.2
469,CURE-LABELLE@4,22,4,CURE-LABELLE,BOULEV,0.0,3.92,3.12,2.2
470,SAINT-MARTIN OUEST@4,9,4,SAINT-MARTIN OUEST,BOULEV,0.0,3.92,3.12,2.2
471,CHOMEDEY@4,8,4,CHOMEDEY,BOULEV,0.0,3.92,3.12,2.2
472,CHOMEDEY A-13@4,2,4,CHOMEDEY A-13,AUTORO,0.0,3.92,3.12,2.2
473,100E@4,2,4,100E,AVENUE,50.0,3.92,3.12,2.2
474,DE LA CONCORDE OUEST@4,7,4,DE LA CONCORDE OUEST,BOULEV,60.0,3.92,3.12,2.2
475,ARTHUR-SAUVE@4,4,4,ARTHUR-SAUVE,BOULEV,0.0,3.92,3.12,2.2
476,DES LAURENTIDES A-15@4,9,4,DES LAURENTIDES A-15,VOIE,0.0,3.92,3.12,2.2
477,CARTIER OUEST@4,7,4,CARTIER OUEST,BOULEV,0.0,3.92,3.12,2.2
478,DAGENAIS OUEST@4,8,4,DAGENAIS OUEST,BOULEV,60.0,3.92,3.12,2.2
479,FRANCIS-HUGHES@4,2,4,FRANCIS-HUGHES,AVENUE,50.0,3.92,3.12,2.2
480,PAPINEAU@4,7,4,PAPINEAU,AVENUE,0.0,3.92,3.12,2.2
481,LAVAL EST A-440@4,4,4,LAVAL EST A-440,VOIE,0.0,3.92,3.12,2.2
482,ROGER-LORTIE@4,1,4,ROGER-LORTIE,BOULEV,70.0,3.92,3.12,2.2
483,SAMSON@4,3,4,SAMSON,BOULEV,0.0,3.92,3.12,2.2
484,LAVAL OUEST A-440@4,10,4,LAVAL OUEST A-440,AUTORO,0.0,3.92,3.12,2.2
485,NOTRE-DAME@4,12,4,NOTRE-DAME,BOULEV,50.0,3.92,3.12,2.2
486,RENE-LAENNEC@4,4,4,RENE-LAENNEC,BOULEV,0.0,3.92,3.12,2.2
487,JACQUES-PLANTE@4,1,4,JACQUES-PLANTE,RUE,40.0,3.92,3.12,2.2
488,LUCIEN-PAIEMENT@4,3,4,LUCIEN-PAIEMENT,RUE,40.0,3.92,3.12,2.2
489,INDUSTRIEL@4,2,4,INDUSTRIEL,BOULEV,60.0,3.92,3.12,2.2
490,DES PATRIOTES@4,4,4,DES PATRIOTES,RUE,50.0,3.92,3.12,2.2
491,DES LAURENTIDES@4,8,4,DES LAURENTIDES,BOULEV,0.0,3.92,3.12,2.2
492,MARCEL-VILLENEUVE@4,1,4,MARCEL-VILLENEUVE,BOULEV,70.0,3.92,3.12,2.2
493,CARDINAL@4,2,4,CARDINAL,RUE,40.0,3.92,3.12,2.2
494,R-125@4,2,4,R-125,ROUTE,0.0,3.92,3.12,2.2
495,DE BELGRADE OUEST@4,1,4,DE BELGRADE OUEST,RUE,50.0,3.92,3.12,2.2
496,DANIEL-JOHNSON@4,6,4,DANIEL-JOHNSON,BOULEV,50.0,3.92,3.12,2.2
497,DE LA CONCORDE EST@4,8,4,DE LA CONCORDE EST,BOULEV,50.0,3.92,3.12,2.2
498,SAINT-ELZEAR OUEST@4,5,4,SAINT-ELZEAR OUEST,BOULEV,0.0,3.92,3.12,2.2
499,BENOIT@4,2,4,BENOIT,RUE,40.0,3.92,3.12,2.2
500,DU BORD-DE-L EAU@4,2,4,DU BORD-DE-L EAU,CHEMIN,0.0,3.92,3.12,2.2
501,DE PROVENCE@4,2,4,DE PROVENCE,RUE,40.0,3.92,3.12,2.2
502,LEVESQUE OUEST@4,3,4,LEVESQUE OUEST,BOULEV,0.0,3.92,3.12,2.2
503,CHAMPAGNE@4,1,4,CHAMPAGNE,MONTEE,50.0,3.92,3.12,2.2
504,PAPINEAU A-19@4,3,4,PAPINEAU A-19,VOIE,0.0,3.92,3.12,2.2
505,TESSIER@4,2,4,TESSIER,BOULEV,50.0,3.92,3.12,2.2
506,SELLIER@4,2,4,SELLIER,RUE,40.0,3.92,3.12,2.2
507,DES ILES@4,2,4,DES ILES,PROMEN,0.0,3.92,3.12,2.2
508,DANIEL-JOHNSON@3,2,3,DANIEL-JOHNSON,BOULEV,50.0,-0.9194,1.345,6.97
509,PAPINEAU@3,4,3,PAPINEAU,AVENUE,0.0,-0.9194,1.345,6.97
510,DE LIEGE@3,2,3,DE LIEGE,RUE,0.0,-0.9194,1.345,6.97
511,DES LAURENTIDES@3,14,3,DES LAURENTIDES,BOULEV,0.0,-0.9194,1.345,6.97
512,DES LAURENTIDES A-15@3,6,3,DES LAURENTIDES A-15,AUTORO,0.0,-0.9194,1.345,6.97
513,CURE-LABELLE@3,10,3,CURE-LABELLE,BOULEV,0.0,-0.9194,1.345,6.97
514,DE LA CONCORDE OUEST@2,9,2,DE LA CONCORDE OUEST,BOULEV,60.0,-4.562,2.182,21.58
515,DE CASSIS@3,2,3,DE CASSIS,RUE,40.0,-0.9194,1.345,6.97
516,CHOMEDEY@3,4,3,CHOMEDEY,BOULEV,0.0,-0.9194,1.345,6.97
517,CARTIER OUEST@3,6,3,CARTIER OUEST,BOULEV,0.0,-0.9194,1.345,6.97
518,SAINT-ELZEAR OUEST@3,2,3,SAINT-ELZEAR OUEST,BOULEV,0.0,-0.9194,1.345,6.97
519,DE LA CONCORDE OUEST@3,5,3,DE LA CONCORDE OUEST,BOULEV,60.0,-0.9194,1.345,6.97
520,DES BOIS@3,5,3,DES BOIS,AVENUE,0.0,-0.9194,1.345,6.97
521,BOUSQUET@3,2,3,BOUSQUET,RUE,40.0,-0.9194,1.345,6.97
522,PRINCIPALE@3,2,3,PRINCIPALE,RUE,60.0,-0.9194,1.345,6.97
523,SAINT-FRANCOIS@3,1,3,SAINT-FRANCOIS,MONTEE,0.0,-0.9194,1.345,6.97
524,DAGENAIS OUEST@3,1,3,DAGENAIS OUEST,BOULEV,60.0,-0.9194,1.345,6.97
525,SAINT-MARTIN EST@3,1,3,SAINT-MARTIN EST,BOULEV,0.0,-0.9194,1.345,6.97
526,DE LA CONCORDE EST@3,7,3,DE LA CONCORDE EST,BOULEV,50.0,-0.9194,1.345,6.97
527,GUILLET@3,1,3,GUILLET,RUE,50.0,-0.9194,1.345,6.97
528,PAPINEAU A-19@3,7,3,PAPINEAU A-19,VOIE,0.0,-0.9194,1.345,6.97
529,CHOMEDEY A-13@3,5,3,CHOMEDEY A-13,VOIE,0.0,-0.9194,1.345,6.97
530,SAMSON@3,6,3,SAMSON,BOULEV,0.0,-0.9194,1.345,6.97
531,LESAGE@3,2,3,LESAGE,BOULEV,50.0,-0.9194,1.345,6.97
532,SAINT-MARTIN OUEST@3,14,3,SAINT-MARTIN OUEST,BOULEV,0.0,-0.9194,1.345,6.97
533,LAVAL EST A-440@3,2,3,LAVAL EST A-440,AUTORO,0.0,-0.9194,1.345,6.97
534,DES MILLE-ILES@3,2,3,DES MILLE-ILES,BOULEV,0.0,-0.9194,1.345,6.97
535,EDOUARD-MONTPETIT@3,2,3,EDOUARD-MONTPETIT,RUE,0.0,-0.9194,1.345,6.97
536,MASSON@3,6,3,MASSON,MONTEE,60.0,-0.9194,1.345,6.97
537,BARBE@3,1,3,BARBE,AVENUE,40.0,-0.9194,1.345,6.97
538,LE CORBUSIER@3,10,3,LE CORBUSIER,BOULEV,60.0,-0.9194,1.345,6.97
539,MARCEL-VILLENEUVE@3,4,3,MARCEL-VILLENEUVE,AVENUE,70.0,-0.9194,1.345,6.97
540,VANIER@3,2,3,VANIER,BOULEV,40.0,-0.9194,1.345,6.97
541,LAVAL OUEST A-440@3,2,3,LAVAL OUEST A-440,VOIE,0.0,-0.9194,1.345,6.97
542,DE L ETOILE@3,2,3,DE L ETOILE,AVENUE,0.0,-0.9194,1.345,6.97
543,ARTHUR-SAUVE@3,5,3,ARTHUR-SAUVE,BOULEV,0.0,-0.9194,1.345,6.97
544,70E@3,2,3,70E,AVENUE,40.0,-0.9194,1.345,6.97
545,DE VASSAN@3,2,3,DE VASSAN,RUE,50.0,-0.9194,1.345,6.97
546,FLEETWOOD@3,2,3,FLEETWOOD,RUE,40.0,-0.9194,1.345,6.97
547,19E@3,2,3,19E,RUE,40.0,-0.9194,1.345,6.97
548,ROGER-LORTIE@3,1,3,ROGER-LORTIE,AVENUE,70.0,-0.9194,1.345,6.97
549,DU SOUVENIR@3,6,3,DU SOUVENIR,BOULEV,50.0,-0.9194,1.345,6.97
550,INDUSTRIEL@3,1,3,INDUSTRIEL,BOULEV,60.0,-0.9194,1.345,6.97
551,LAPALME@3,2,3,LAPALME,AVENUE,40.0,-0.9194,1.345,6.97
552,CUNARD@3,2,3,CUNARD,RUE,50.0,-0.9194,1.345,6.97
553,DE LA STATION@3,2,3,DE LA STATION,RUE,50.0,-0.9194,1.345,6.97
554,SAINTE-ROSE@3,1,3,SAINTE-ROSE,BOULEV,50.0,-0.9194,1.345,6.97
555,BERLIER@3,2,3,BERLIER,RUE,50.0,-0.9194,1.345,6.97
556,JEAN-BERAUD@3,2,3,JEAN-BERAUD,AVENUE,0.0,-0.9194,1.345,6.97
557,NOTRE-DAME@3,2,3,NOTRE-DAME,BOULEV,50.0,-0.9194,1.345,6.97
558,DES ROSSIGNOLS@3,2,3,DES ROSSIGNOLS,BOULEV,50.0,-0.9194,1.345,6.97
559,LEVESQUE OUEST@2,5,2,LEVESQUE OUEST,BOULEV,0.0,-4.562,2.182,21.58
560,LAVAL EST A-440@2,8,2,LAVAL EST A-440,AUTORO,0.0,-4.562,2.182,21.58
561,SAINT-FRANCOIS@2,4,2,SAINT-FRANCOIS,MONTEE,0.0,-4.562,2.182,21.58
562,LE CORBUSIER@2,7,2,LE CORBUSIER,BOULEV,60.0,-4.562,2.182,21.58
563,LAVAL OUEST A-440@2,14,2,LAVAL OUEST A-440,AUTORO,0.0,-4.562,2.182,21.58
564,DES MILLE-ILES@2,1,2,DES MILLE-ILES,BOULEV,0.0,-4.562,2.182,21.58
565,DAGENAIS OUEST@2,4,2,DAGENAIS OUEST,BOULEV,60.0,-4.562,2.182,21.58
566,440@2,2,2,440,AUTORO,0.0,-4.562,2.182,21.58
567,CURE-LABELLE@2,21,2,CURE-LABELLE,BOULEV,0.0,-4.562,2.182,21.58
568,LE CARREFOUR@2,2,2,LE CARREFOUR,BOULEV,50.0,-4.562,2.182,21.58
569,DE PRINCE-RUPERT@2,2,2,DE PRINCE-RUPERT,RUE,50.0,-4.562,2.182,21.58
570,CHOMEDEY A-13@2,10,2,CHOMEDEY A-13,AUTORO,0.0,-4.562,2.182,21.58
571,DES LAURENTIDES A-15@2,17,2,DES LAURENTIDES A-15,AUTORO,0.0,-4.562,2.182,21.58
572,AMPERE@2,1,2,AMPERE,AVENUE,0.0,-4.562,2.182,21.58
573,INDUSTRIEL@2,5,2,INDUSTRIEL,BOULEV,60.0,-4.562,2.182,21.58
574,CLEROUX@2,2,2,CLEROUX,BOULEV,0.0,-4.562,2.182,21.58
575,MEUNIER OUEST@2,4,2,MEUNIER OUEST,RUE,40.0,-4.562,2.182,21.58
576,DU SOUVENIR@2,2,2,DU SOUVENIR,BOULEV,50.0,-4.562,2.182,21.58
577,NOTRE-DAME@2,7,2,NOTRE-DAME,BOULEV,50.0,-4.562,2.182,21.58
578,CARTIER OUEST@2,8,2,CARTIER OUEST,BOULEV,0.0,-4.562,2.182,21.58
579,MONTGOLFIER@1,4,1,MONTGOLFIER,RUE,40.0,-9.72,2.916,20.19
580,SAINT-MARTIN OUEST@2,16,2,SAINT-MARTIN OUEST,BOULEV,0.0,-4.562,2.182,21.58
581,CHOMEDEY@2,6,2,CHOMEDEY,BOULEV,0.0,-4.562,2.182,21.58
582,HENNESSY@2,2,2,HENNESSY,RUE,40.0,-4.562,2.182,21.58
583,DES LAURENTIDES@2,17,2,DES LAURENTIDES,BOULEV,0.0,-4.562,2.182,21.58
584,DANIEL-JOHNSON@2,3,2,DANIEL-JOHNSON,BOULEV,50.0,-4.562,2.182,21.58
585,9E@2,1,2,9E,AVENUE,40.0,-4.562,2.182,21.58
586,STEPHANIE@1,1,1,STEPHANIE,RUE,0.0,-9.72,2.916,20.19
587,PAPINEAU A-19@2,5,2,PAPINEAU A-19,VOIE,0.0,-4.562,2.182,21.58
588,LOUIS-PAYETTE@2,2,2,LOUIS-PAYETTE,AVENUE,50.0,-4.562,2.182,21.58
589,DES GRANDS-MAITRES@2,2,2,DES GRANDS-MAITRES,BOULEV,0.0,-4.562,2.182,21.58
590,PAPINEAU@2,4,2,PAPINEAU,AVENUE,0.0,-4.562,2.182,21.58
591,SAMSON@2,4,2,SAMSON,BOULEV,0.0,-4.562,2.182,21.58
592,DU ROI-DU-NORD@2,2,2,DU ROI-DU-NORD,BOULEV,50.0,-4.562,2.182,21.58
593,SAINTE-ROSE@2,5,2,SAINTE-ROSE,BOULEV,50.0,-4.562,2.182,21.58
594,DE LA CONCORDE EST@2,10,2,DE LA CONCORDE EST,BOULEV,50.0,-4.562,2.182,21.58
595,LE ROYER@2,1,2,LE ROYER,RUE,40.0,-4.562,2.182,21.58
596,MARQUETTE@2,2,2,MARQUETTE,RUE,40.0,-4.562,2.182,21.58
597,MARCEL-VILLENEUVE@2,4,2,MARCEL-VILLENEUVE,AVENUE,70.0,-4.562,2.182,21.58
598,A-25@2,2,2,A-25,AUTORO,0.0,-4.562,2.182,21.58
599,MASSON@2,6,2,MASSON,MONTEE,60.0,-4.562,2.182,21.58
600,DAGENAIS EST@2,7,2,DAGENAIS EST,BOULEV,60.0,-4.562,2.182,21.58
601,SAINT-ELZEAR EST@2,2,2,SAINT-ELZEAR EST,RANG,0.0,-4.562,2.182,21.58
602,DE CASSIS@2,2,2,DE CASSIS,RUE,40.0,-4.562,2.182,21.58
603,MARCELLIN@2,2,2,MARCELLIN,RUE,40.0,-4.562,2.182,21.58
604,SAINT-ELZEAR OUEST@2,2,2,SAINT-ELZEAR OUEST,BOULEV,0.0,-4.562,2.182,21.58
605,IMELDA@2,2,2,IMELDA,RUE,40.0,-4.562,2.182,21.58
606,LOUIS-B -MAYER@2,3,2,LOUIS-B -MAYER,RUE,0.0,-4.562,2.182,21.58
607,LONGPRE@2,2,2,LONGPRE,BOULEV,0.0,-4.562,2.182,21.58
608,MIRELLE@2,2,2,MIRELLE,RUE,40.0,-4.562,2.182,21.58
609,DUFFERIN@2,2,2,DUFFERIN,TERRAS,40.0,-4.562,2.182,21.58
610,SAINT-SAENS EST@2,1,2,SAINT-SAENS EST,RUE,0.0,-4.562,2.182,21.58
611,COUSINEAU@2,2,2,COUSINEAU,RUE,40.0,-4.562,2.182,21.58
612,SAINT-MARTIN EST@2,4,2,SAINT-MARTIN EST,BOULEV,0.0,-4.562,2.182,21.58
613,CUNARD@2,2,2,CUNARD,RUE,50.0,-4.562,2.182,21.58
614,FRIDOLIN@2,2,2,FRIDOLIN,RUE,40.0,-4.562,2.182,21.58
615,LAVAL@2,2,2,LAVAL,BOULEV,0.0,-4.562,2.182,21.58
616,CHAMPAGNE@1,4,1,CHAMPAGNE,MONTEE,50.0,-9.72,2.916,20.19
617,JOSAPHAT-DEMERS@2,2,2,JOSAPHAT-DEMERS,AVENUE,40.0,-4.562,2.182,21.58
618,SAMSON@1,10,1,SAMSON,BOULEV,0.0,-9.72,2.916,20.19
619,4E@1,2,1,4E,RUE,40.0,-9.72,2.916,20.19
620,DE L AVENIR@1,2,1,DE L AVENIR,BOULEV,0.0,-9.72,2.916,20.19
621,INDUSTRIEL@1,8,1,INDUSTRIEL,BOULEV,60.0,-9.72,2.916,20.19
622,DAGENAIS OUEST@1,10,1,DAGENAIS OUEST,BOULEV,60.0,-9.72,2.916,20.19
623,DES LAURENTIDES A-15@1,12,1,DES LAURENTIDES A-15,AUTORO,0.0,-9.72,2.916,20.19
624,CARTIER OUEST@1,12,1,CARTIER OUEST,BOULEV,0.0,-9.72,2.916,20.19
625,MACKENZIE@1,2,1,MACKENZIE,RUE,40.0,-9.72,2.916,20.19
626,NOTRE-DAME@1,17,1,NOTRE-DAME,BOULEV,50.0,-9.72,2.916,20.19
627,LEVESQUE EST@1,8,1,LEVESQUE EST,BOULEV,0.0,-9.72,2.916,20.19
628,SAINT-MARTIN OUEST@1,6,1,SAINT-MARTIN OUEST,BOULEV,0.0,-9.72,2.916,20.19
629,ROBERT-ELIE@1,2,1,ROBERT-ELIE,RUE,40.0,-9.72,2.916,20.19
630,LAVAL OUEST A-440@1,15,1,LAVAL OUEST A-440,AUTORO,0.0,-9.72,2.916,20.19
631,ROGER-LORTIE@1,2,1,ROGER-LORTIE,AVENUE,70.0,-9.72,2.916,20.19
632,LE CARREFOUR@1,4,1,LE CARREFOUR,BOULEV,50.0,-9.72,2.916,20.19
633,DE SILLERY@1,1,1,DE SILLERY,RUE,40.0,-9.72,2.916,20.19
634,PEUGEOT@1,2,1,PEUGEOT,RUE,50.0,-9.72,2.916,20.19
635,LEVESQUE OUEST@1,7,1,LEVESQUE OUEST,BOULEV,0.0,-9.72,2.916,20.19
636,ARMAND-FRAPPIER@1,2,1,ARMAND-FRAPPIER,BOULEV,50.0,-9.72,2.916,20.19
637,SUN VALLEY@1,3,1,SUN VALLEY,RUE,40.0,-9.72,2.916,20.19
638,RIVIERA@1,2,1,RIVIERA,RUE,40.0,-9.72,2.916,20.19
639,DE LA CONCORDE EST@1,12,1,DE LA CONCORDE EST,BOULEV,50.0,-9.72,2.916,20.19
640,DAGENAIS EST@1,5,1,DAGENAIS EST,BOULEV,60.0,-9.72,2.916,20.19
641,DES PERRON@1,2,1,DES PERRON,AVENUE,50.0,-9.72,2.916,20.19
642,DU SOUVENIR@1,10,1,DU SOUVENIR,BOULEV,50.0,-9.72,2.916,20.19
643,SAINTE-ROSE@1,4,1,SAINTE-ROSE,BOULEV,50.0,-9.72,2.916,20.19
644,DE BERRI@1,2,1,DE BERRI,RUE,40.0,-9.72,2.916,20.19
645,12e@1,2,1,12e,RUE,40.0,-9.72,2.916,20.19
646,DE LA CONCORDE OUEST@1,9,1,DE LA CONCORDE OUEST,BOULEV,60.0,-9.72,2.916,20.19
647,D AUTEUIL@1,2,1,D AUTEUIL,BOULEV,0.0,-9.72,2.916,20.19
648,NOTRE-DAME-DE-FATIMA@1,3,1,NOTRE-DAME-DE-FATIMA,RUE,50.0,-9.72,2.916,20.19
649,PIERRE-PELADEAU@1,4,1,PIERRE-PELADEAU,AVENUE,0.0,-9.72,2.916,20.19
650,DE CHARTRES@1,2,1,DE CHARTRES,RUE,40.0,-9.72,2.916,20.19
651,PAPINEAU A-19@1,4,1,PAPINEAU A-19,AUTORO,0.0,-9.72,2.916,20.19
652,DES GRANDS-MAITRES@1,1,1,DES GRANDS-MAITRES,BOULEV,0.0,-9.72,2.916,20.19
653,LAVAL@1,1,1,LAVAL,BOULEV,0.0,-9.72,2.916,20.19
654,MCNAMARA@1,5,1,MCNAMARA,RUE,40.0,-9.72,2.916,20.19
655,PAPINEAU@1,5,1,PAPINEAU,AVENUE,0.0,-9.72,2.916,20.19
656,LE CORBUSIER@1,4,1,LE CORBUSIER,BOULEV,60.0,-9.72,2.916,20.19
657,SAINT-MARTIN EST@1,4,1,SAINT-MARTIN EST,BOULEV,0.0,-9.72,2.916,20.19
658,DES CHATEAUX@1,1,1,DES CHATEAUX,RUE,0.0,-9.72,2.916,20.19
659,PIE-IX@1,1,1,PIE-IX,BOULEV,50.0,-9.72,2.916,20.19
660,DU CANADA@1,2,1,DU CANADA,RUE,50.0,-9.72,2.916,20.19
661,CHOMEDEY A-13@1,13,1,CHOMEDEY A-13,VOIE,0.0,-9.72,2.916,20.19
662,FLEETWOOD@1,2,1,FLEETWOOD,RUE,40.0,-9.72,2.916,20.19
663,DES LAURENTIDES@1,19,1,DES LAURENTIDES,BOULEV,0.0,-9.72,2.916,20.19
664,BELLEVILLE@1,2,1,BELLEVILLE,AVENUE,40.0,-9.72,2.916,20.19
665,DE LA LAVATERE@1,2,1,DE LA LAVATERE,RUE,0.0,-9.72,2.916,20.19
666,DE LA BERNINA@1,2,1,DE LA BERNINA,RUE,40.0,-9.72,2.916,20.19
667,MASSON@1,4,1,MASSON,MONTEE,60.0,-9.72,2.916,20.19
668,JE-ME-SOUVIENS@1,1,1,JE-ME-SOUVIENS,BOULEV,40.0,-9.72,2.916,20.19
669,SAINT-ELZEAR EST@1,2,1,SAINT-ELZEAR EST,BOULEV,0.0,-9.72,2.916,20.19
670,CHAMPLAIN@1,4,1,CHAMPLAIN,RUE,40.0,-9.72,2.916,20.19
671,BERTIN@1,2,1,BERTIN,RUE,40.0,-9.72,2.916,20.19
672,CHOMEDEY@1,8,1,CHOMEDEY,BOULEV,0.0,-9.72,2.916,20.19
673,ARTHUR-SAUVE@1,5,1,ARTHUR-SAUVE,BOULEV,0.0,-9.72,2.916,20.19
674,ACADIA@1,1,1,ACADIA,RUE,40.0,-9.72,2.916,20.19
675,LAVAL EST A-440@1,9,1,LAVAL EST A-440,ROUTE,0.0,-9.72,2.916,20.19
676,65E@1,3,1,65E,AVENUE,40.0,-9.72,2.916,20.19
677,BELLEROSE EST@1,2,1,BELLEROSE EST,BOULEV,50.0,-9.72,2.916,20.19
678,JEANNETTE@1,2,1,JEANNETTE,RUE,40.0,-9.72,2.916,20.19
679,TERRY-FOX@1,1,1,TERRY-FOX,AVENUE,50.0,-9.72,2.916,20.19
680,MARC-AURELE-FORTIN@1,2,1,MARC-AURELE-FORTIN,BOULEV,0.0,-9.72,2.916,20.19
681,59E@1,2,1,59E,AVENUE,40.0,-9.72,2.916,20.19
682,DE LA RENAISSANCE@1,2,1,DE LA RENAISSANCE,BOULEV,50.0,-9.72,2.916,20.19
683,JEAN-BERAUD@1,2,1,JEAN-BERAUD,RUE,0.0,-9.72,2.916,20.19
684,DE L HARMONIE@1,2,1,DE L HARMONIE,RUE,0.0,-9.72,2.916,20.19
685,DESPAROIS@1,2,1,DESPAROIS,RUE,40.0,-9.72,2.916,20.19
686,RENE-LAENNEC@1,2,1,RENE-LAENNEC,BOULEV,0.0,-9.72,2.916,20.19
687,DE LA PETITE-COTE@1,1,1,DE LA PETITE-COTE,CHEMIN,0.0,-9.72,2.916,20.19
688,MARCEL-VILLENEUVE@1,2,1,MARCEL-VILLENEUVE,AVENUE,70.0,-9.72,2.916,20.19
689,SAINT-ELZEAR OUEST@1,2,1,SAINT-ELZEAR OUEST,BOULEV,0.0,-9.72,2.916,20.19
690,ROBERT-BOURASSA@1,2,1,ROBERT-BOURASSA,BOULEV,50.0,-9.72,2.916,20.19
691,LAURIER@1,3,1,LAURIER,RUE,40.0,-9.72,2.916,20.19
692,PRINCIPALE@1,2,1,PRINCIPALE,RUE,60.0,-9.72,2.916,20.19
693,ROMAIN@1,2,1,ROMAIN,RUE,40.0,-9.72,2.916,20.19
694,2E@1,2,1,2E,AVENUE,40.0,-9.72,2.916,20.19
695,DU CALVET@1,2,1,DU CALVET,RUE,40.0,-9.72,2.916,20.19
696,SABOURIN@1,2,1,SABOURIN,RUE,40.0,-9.72,2.916,20.19
697,DE LISBONNE@1,2,1,DE LISBONNE,BOULEV,40.0,-9.72,2.916,20.19
